{
  "XGBoost": {
    "threshold": 0.8500000000000002,
    "f1_score": 0.7039866648145576,
    "roc_auc": 0.9413514887503134,
    "precision": 0.8264840182648402,
    "recall": 0.6131139608032906
  },
  "CatBoost": {
    "threshold": 0.7500000000000002,
    "f1_score": 0.5322539193009509,
    "roc_auc": 0.9098329916119261,
    "precision": 0.5675527541792272,
    "recall": 0.5010887974836681
  },
  "RandomForest": {
    "threshold": 0.5500000000000002,
    "f1_score": 0.562624254473161,
    "roc_auc": 0.8758881385636301,
    "precision": 0.6809900309384668,
    "recall": 0.4793128478103073
  },
  "LogisticRegression": {
    "threshold": 0.8500000000000002,
    "f1_score": 0.3535596275157705,
    "roc_auc": 0.7768734553078764,
    "precision": 0.46613861386138616,
    "recall": 0.28478103072828453
  }
}