{
    "fnn_tuned": 0.8233165740966797,
    "lstm_tuned": 0.9077475666999817,
    "cnn_tuned": 0.8660839796066284,
    "bilstm_tuned": 0.885993480682373,
    "hybrid_tuned": 0.8342093825340271,
    "autoencoder_tuned": 0.1288244671955114
}