{
    "XGBoost": 0.7500000000000002,
    "CatBoost": 0.8000000000000002,
    "LightGBM": 0.8000000000000002,
    "Random Forest": 0.5000000000000001,
    "Logistic Regression": 0.8500000000000002
}