model_name,accuracy,precision,recall,f1_score,roc_auc,pr_auc,specificity
FNN,0.8808754041283263,0.5415104445634709,0.6350502512562815,0.5845620121422377,0.8629427999034425,0.6723075593715442,0.9182504058829147
FNN_Tuned,0.8808754041283263,0.5415104445634709,0.6350502512562815,0.5845620121422377,0.8629427999034425,0.6723075593715442,0.9182504058829147
CNN_Tuned,0.8989471938986985,0.7660485021398002,0.3373115577889447,0.4683820322721326,0.7716802124940431,0.5458662697441607,0.9843376945850444
CNN_1D,0.8305562463732074,0.3981981981981982,0.5552763819095478,0.46379853095487933,0.7686480283664526,0.5065588528729573,0.8724095119854837
CNN_BiLSTM,0.8398408356130316,0.4121900826446281,0.5012562814070352,0.4523809523809524,0.7685721427786435,0.49457735237637324,0.891318880718174
BiLSTM,0.7980601840338224,0.34654545454545455,0.5986180904522613,0.4389682174113312,0.7804621546275932,0.506961315225776,0.8283831534714927
LSTM,0.8076763657464976,0.3504519309778143,0.5358040201005025,0.42374565325385,0.7618491596076074,0.48669100726698933,0.8490115557253366
Autoencoder,0.8595705877476582,0.44608879492600423,0.2650753768844221,0.3325453112687155,,,
