{
  "model_info": {
    "model_type": "Hybrid ML+DL Fusion Ensemble",
    "base_models": [
      "Logistic Regression",
      "Random Forest",
      "XGBoost",
      "CatBoost",
      "LightGBM",
      "FNN",
      "CNN",
      "LSTM",
      "BiLSTM",
      "Hybrid",
      "Autoencoder"
    ],
    "meta_learner": "Logistic Regression",
    "total_base_models": 11,
    "evaluation_date": "2025-11-07 16:27:33"
  },
  "test_results": {
    "default_threshold": {
      "threshold": "default_0.5",
      "accuracy": 0.9741072919399852,
      "precision": 0.7775467775467776,
      "recall": 0.5333713633770679,
      "f1_score": 0.6327186601251903,
      "roc_auc": 0.8721241288272702,
      "pr_auc": 0.660673813814872,
      "specificity": 0.9933408015932288,
      "confusion_matrix": [
        [
          79805,
          535
        ],
        [
          1636,
          1870
        ]
      ],
      "tp": 1870,
      "tn": 79805,
      "fp": 535,
      "fn": 1636
    },
    "optimal_threshold": {
      "threshold": "optimal_0.530",
      "accuracy": 0.9741669250769267,
      "precision": 0.7817493692178301,
      "recall": 0.5302338847689675,
      "f1_score": 0.631883072739633,
      "roc_auc": 0.8721241288272702,
      "pr_auc": 0.660673813814872,
      "specificity": 0.9935399551904406,
      "confusion_matrix": [
        [
          79821,
          519
        ],
        [
          1647,
          1859
        ]
      ],
      "tp": 1859,
      "tn": 79821,
      "fp": 519,
      "fn": 1647
    }
  }
}